{
  "tests": [
    {
      "python_block_length": 22,
      "switch_lag_PA": 0,
      "avg_python_weight": 0.7422062158584595,
      "initial_python_weight": 0.9921875,
      "final_python_weight": 0.0126953125,
      "deep_crystallization_ratio": 0.5909090909090909,
      "deep_crystallization_tail": 0.5909090909090909,
      "avg_python_weight_tail": 0.7422062158584595,
      "relax_time_099": 0,
      "tail_area_32": 2.846435546875,
      "return_gap_cosine": 0.18445780873298645,
      "target_length": 10
    },
    {
      "python_block_length": 50,
      "switch_lag_PA": 0,
      "avg_python_weight": 0.8089812994003296,
      "initial_python_weight": 0.376953125,
      "final_python_weight": 0.0126953125,
      "deep_crystallization_ratio": 0.7,
      "deep_crystallization_tail": 0.7,
      "avg_python_weight_tail": 0.8089812994003296,
      "relax_time_099": 0,
      "tail_area_32": 5.54132080078125,
      "return_gap_cosine": 0.18785256147384644,
      "target_length": 50
    },
    {
      "python_block_length": 96,
      "switch_lag_PA": 0,
      "avg_python_weight": 0.8198719024658203,
      "initial_python_weight": 0.5,
      "final_python_weight": 0.0126953125,
      "deep_crystallization_ratio": 0.71875,
      "deep_crystallization_tail": 0.78125,
      "avg_python_weight_tail": 0.854917049407959,
      "relax_time_099": 0,
      "tail_area_32": 3.494873046875,
      "return_gap_cosine": 0.1179153248667717,
      "target_length": 100
    }
  ],
  "correlations": {
    "deep_crystallization": 0.8643685957139059,
    "switch_lag": NaN
  },
  "summary": {
    "num_tests": 3,
    "python_lengths": [
      22,
      50,
      96
    ],
    "avg_deep_crystallization": 0.6698863636363637,
    "avg_switch_lag": 0.0
  }
}