{
  "model_name": "mistralai/Mistral-7B-Instruct-v0.2",
  "torch_version": "2.8.0+cu128",
  "fast_mode": true,
  "timing": {
    "model_load_sec": 4.54456901550293,
    "phase3_training_sec": 1.8521347045898438,
    "phase4_calibration_sec": 0.33722829818725586,
    "phase5_hysteresis_sec": 10.371134042739868,
    "phase6_fatigue_sec": 65.41988897323608,
    "total_sec": 82.52495503425598
  },
  "hysteresis": {
    "test_aba": {
      "switch_lag_AB": 0,
      "switch_lag_BA": 9,
      "switching_asymmetry": 9,
      "return_gap_cosine_distance": 0.33945801854133606,
      "return_gap_euclidean": 0.698774438071996,
      "return_gap_dtw": 6.954070117790252
    },
    "test_amixba": {
      "switch_lag_mixA": 14,
      "return_gap_cosine_distance": 0.22876012325286865,
      "avg_mix_entropy": 0.6921089887619019,
      "mix_balance": 0.9248120188713074
    }
  },
  "fatigue": {
    "tests": [
      {
        "python_block_length": 22,
        "switch_lag_PA": 0,
        "avg_python_weight": 0.7422062158584595,
        "initial_python_weight": 0.9921875,
        "final_python_weight": 0.0126953125,
        "deep_crystallization_ratio": 0.5909090909090909,
        "deep_crystallization_tail": 0.5909090909090909,
        "avg_python_weight_tail": 0.7422062158584595,
        "relax_time_099": 0,
        "tail_area_32": 2.846435546875,
        "return_gap_cosine": 0.18445780873298645,
        "target_length": 10
      },
      {
        "python_block_length": 50,
        "switch_lag_PA": 0,
        "avg_python_weight": 0.8089812994003296,
        "initial_python_weight": 0.376953125,
        "final_python_weight": 0.0126953125,
        "deep_crystallization_ratio": 0.7,
        "deep_crystallization_tail": 0.7,
        "avg_python_weight_tail": 0.8089812994003296,
        "relax_time_099": 0,
        "tail_area_32": 5.54132080078125,
        "return_gap_cosine": 0.18785256147384644,
        "target_length": 50
      },
      {
        "python_block_length": 96,
        "switch_lag_PA": 0,
        "avg_python_weight": 0.8198719024658203,
        "initial_python_weight": 0.5,
        "final_python_weight": 0.0126953125,
        "deep_crystallization_ratio": 0.71875,
        "deep_crystallization_tail": 0.78125,
        "avg_python_weight_tail": 0.854917049407959,
        "relax_time_099": 0,
        "tail_area_32": 3.494873046875,
        "return_gap_cosine": 0.1179153248667717,
        "target_length": 100
      }
    ],
    "correlations": {
      "deep_crystallization": 0.8643685957139059,
      "switch_lag": NaN
    },
    "summary": {
      "num_tests": 3,
      "python_lengths": [
        22,
        50,
        96
      ],
      "avg_deep_crystallization": 0.6698863636363637,
      "avg_switch_lag": 0.0
    }
  }
}